L_16,L_32,L_64,L_128,L_256
1.141501,1.039980,1.003416,0.970083,0.970058
1.146613,1.041224,1.003713,0.975295,0.970794
1.139888,1.039089,1.004140,0.968183,0.970331
1.140360,1.040160,1.003749,0.976395,0.976562
1.140686,1.040572,1.005780,0.975585,0.971396
1.138403,1.038653,1.005935,0.976213,0.973819
1.143407,1.037522,1.003554,0.975342,0.971029
1.130467,1.041876,1.005028,0.971587,0.970236
1.141480,1.032127,1.002324,0.972547,0.972703
1.147115,1.037643,1.006258,0.972775,0.969881
1.142887,1.038918,1.003156,0.975145,0.974959
1.141192,1.026216,1.003469,0.978202,0.973171
1.147428,1.037909,1.001431,0.973161,0.972352
1.143813,1.040778,1.004014,0.973330,0.971281
1.129916,1.035276,1.003236,0.976490,0.972427
1.140294,1.036991,1.007592,0.976483,0.974474
1.143264,1.034000,1.005048,0.971643,0.973158
1.142743,1.040045,1.006446,0.972407,0.973231
1.140914,1.035682,1.005568,0.977115,0.972108
1.145422,1.040545,1.002173,0.974871,0.976391
1.141949,1.031997,1.007264,0.974573,0.973361
1.136752,1.038746,1.001117,0.977452,0.969080
1.144322,1.036858,1.002994,0.976093,0.971393
1.125173,1.038523,1.007445,0.969758,0.968846
1.133689,1.033105,1.004994,0.974334,0.972990
1.148783,1.042558,1.008737,0.975991,0.955268
1.138482,1.039777,1.004064,0.975138,0.973608
1.140267,1.031519,1.008229,0.970234,0.971228
1.140842,1.035775,1.004719,0.976666,0.973655
1.146234,1.040516,1.010417,0.975346,0.971250
1.139689,1.037176,1.006339,0.970292,0.972926
1.139455,1.042238,1.008482,0.972784,0.968720
1.141931,1.040180,1.006921,0.972522,0.974369
1.138378,1.040995,1.008900,0.971001,0.971307
1.145811,1.040077,1.007176,0.971444,0.971058
1.143719,1.035235,1.006932,0.976160,0.973247
1.144585,1.036457,1.007567,0.977037,0.969200
1.140870,1.040834,1.006080,0.975850,0.976721
1.141699,1.039558,1.003695,0.971075,0.972607
1.140713,1.040549,1.006151,0.972594,0.970686
1.145677,1.035468,1.004458,0.976262,0.971589
1.140625,1.038470,1.005036,0.970999,0.972974
1.143942,1.038003,1.005670,0.976915,0.973159
1.140138,1.035281,1.003201,0.971639,0.969926
1.141316,1.036936,1.004595,0.973372,0.972924
1.140411,1.041768,1.005826,0.976057,0.970549
1.135222,1.041552,1.002875,0.977058,0.970010
1.138662,1.039609,1.005731,0.973974,0.967589
1.147156,1.040050,1.003828,0.975700,0.973901
1.140002,1.039257,1.006213,0.973034,0.967498
1.139340,1.044423,1.005103,0.975992,0.970102
1.144987,1.038827,1.003902,0.974530,0.975611
1.139912,1.038686,1.005622,0.973572,0.968722
1.141408,1.038353,1.005938,0.975649,0.972349
1.141001,1.038903,1.003888,0.975899,0.968060
1.140816,1.038773,1.005659,0.973430,0.972647
1.143430,1.027031,1.005383,0.967329,0.972833
1.138374,1.042984,1.002677,0.972143,0.973714
1.140074,1.039698,1.005521,0.976062,0.971327
1.136949,1.040663,1.003858,0.975710,0.968658
1.146032,1.042078,1.004890,0.976705,0.972166
1.145771,1.039614,1.003553,0.972936,0.974976
1.142277,1.042863,1.004899,0.972147,0.976007
1.142688,1.037844,1.003136,0.973688,0.969885
1.144363,1.038232,1.003814,0.972985,0.972470
1.144291,1.038390,1.004806,0.973764,0.973086
1.144595,1.038778,1.007784,0.972502,0.971797
1.143215,1.037917,1.004532,0.975934,0.972309
1.142719,1.040702,1.003713,0.972564,0.975684
1.138386,1.040899,1.005892,0.974677,0.972929
1.145491,1.036914,1.008244,0.966394,0.971718
1.144282,1.036572,1.004709,0.977486,0.971366
1.136982,1.039183,1.005100,0.974303,0.971416
1.144446,1.040590,1.006722,0.975121,0.974789
1.144253,1.038691,1.003658,0.976593,0.971198
1.140550,1.027375,1.004737,0.973529,0.974126
1.138794,1.040795,1.007832,0.974231,0.971451
1.141264,1.036390,1.004623,0.974965,0.972992
1.142277,1.033224,1.003794,0.972394,0.972111
1.143717,1.037935,1.005907,0.967787,0.971983
1.139858,1.039401,1.003066,0.976314,0.956816
1.144357,1.037913,1.004530,0.976238,0.970662
1.145522,1.037525,1.005872,0.973919,0.973747
1.141856,1.033238,1.001970,0.976179,0.970212
1.144111,1.041342,1.005753,0.977212,0.974210
1.142997,1.038731,1.003813,0.976823,0.974941
1.119840,1.038106,1.003552,0.975181,0.974440
1.146876,1.040026,1.006166,0.978694,0.969578
1.142216,1.041127,1.008976,0.969890,0.974554
1.142962,1.042796,1.007201,0.974655,0.970542
1.147240,1.042290,1.003149,0.970895,0.972507
1.140244,1.037852,1.003331,0.973139,0.972352
1.139457,1.033738,1.002342,0.972654,0.972748
1.141054,1.040064,1.003758,0.972552,0.973680
1.137262,1.039868,1.004075,0.970637,0.964072
1.123063,1.036495,1.002011,0.974112,0.972652
1.144130,1.039560,1.005753,0.974463,0.970697
1.140836,1.037892,1.008110,0.974429,0.967688
1.143680,1.043049,1.004782,0.975551,0.972133
1.136475,1.029202,1.004490,0.972344,0.971206
1.141465,1.035368,1.002098,0.973386,0.971977
1.147693,1.039883,1.009703,0.974513,0.975259
1.126653,1.038746,1.004686,0.974425,0.969008
1.144075,1.040354,1.003380,0.975347,0.973213
1.142029,1.029092,1.005221,0.973289,0.971686
1.140939,1.039880,1.004970,0.974853,0.970101
1.139752,1.037768,1.007367,0.976310,0.972768
1.140595,1.038382,1.006898,0.972751,0.968254
1.142383,1.037683,1.006206,0.977276,0.975499
1.146646,1.038394,1.006344,0.971263,0.975808
1.139543,1.039494,1.007976,0.974778,0.971795
1.143826,1.040127,1.004963,0.978071,0.970389
1.144682,1.034054,1.007082,0.977499,0.970610
1.141798,1.039399,1.004039,0.975792,0.973757
1.142537,1.040175,1.002137,0.970490,0.972872
1.141799,1.037449,1.003532,0.976649,0.971812
1.143849,1.037417,1.004358,0.971128,0.970666
1.136645,1.024638,1.007003,0.975703,0.969356
1.141349,1.035667,1.008464,0.971923,0.971019
1.142271,1.038975,1.004540,0.972123,0.963307
1.141865,1.036709,1.005083,0.974241,0.969827
1.148597,1.041618,1.003807,0.973604,0.970239
1.140967,1.038739,1.004831,0.973707,0.971858
1.143191,1.041321,1.005301,0.970388,0.972298
1.144449,1.043635,1.005436,0.975979,0.971214
1.142957,1.037129,1.003485,0.975519,0.973021
1.142324,1.039612,1.005502,0.973186,0.973826
1.143938,1.041075,1.003252,0.974243,0.972363
1.141485,1.039462,1.004591,0.972998,0.969888
1.140109,1.038117,1.002918,0.974317,0.968359
1.140285,1.040316,1.005136,0.975160,0.971104
1.140560,1.038255,1.005194,0.974099,0.975345
1.144742,1.040430,1.006742,0.976378,0.969490
1.142559,1.037026,1.004311,0.976402,0.968517
1.147546,1.042561,1.007996,0.974797,0.974763
1.139896,1.031316,1.002365,0.974530,0.970776
1.137915,1.038728,1.003440,0.972610,0.966988
1.141664,1.039336,1.003005,0.965696,0.973374
1.142488,1.040531,1.008945,0.972740,0.975928
1.137165,1.040621,1.007729,0.973897,0.973280
1.137002,1.041684,1.001781,0.976471,0.970759
1.139731,1.040696,1.007088,0.972834,0.971586
1.136506,1.040052,1.003968,0.973231,0.976222
1.157180,1.032784,1.007603,0.974618,0.972743
1.142456,1.039950,1.007524,0.973896,0.972729
1.146656,1.038165,1.004444,0.975970,0.967813
1.140162,1.039949,1.001713,0.971514,0.973645
1.141259,1.037310,1.003995,0.977448,0.972828
1.141377,1.038845,1.004540,0.972934,0.973299
1.138447,1.040851,1.004607,0.976099,0.969917
1.137617,1.042544,1.004025,0.972944,0.971079
1.142697,1.038796,1.005598,0.968166,0.971254
1.143373,1.037685,1.005605,0.974545,0.968632
1.138772,1.032797,1.006897,0.973029,0.970771
1.123095,1.041268,1.005089,0.976566,0.972185
1.143755,1.036302,1.005138,0.969669,0.972812
1.143989,1.037106,1.001456,0.972005,0.970528
1.142687,1.035027,1.002666,0.971804,0.971425
1.136439,1.038832,1.006723,0.975601,0.971292
1.137132,1.040718,1.002311,0.975045,0.971798
1.140649,1.039804,1.005681,0.970122,0.973777
1.138465,1.023318,1.002885,0.975780,0.972496
1.134599,1.037568,1.008728,0.975619,0.972053
1.139397,1.037072,1.004463,0.971191,0.972430
1.136418,1.036000,1.002442,0.972384,0.972567
1.139973,1.040480,1.005901,0.978105,0.971359
1.143880,1.040020,1.005082,0.975261,0.969949
1.144950,1.042751,1.002469,0.971835,0.974021
1.141087,1.033632,1.004108,0.974321,0.974287
1.137443,1.040653,1.008481,0.974319,0.973795
1.140563,1.039385,1.001662,0.973721,0.976484
1.139520,1.038672,1.006465,0.973998,0.972216
1.140592,1.040150,0.999611,0.977001,0.975752
1.140770,1.033549,1.004083,0.974783,0.967721
1.139820,1.024887,1.004629,0.976712,0.976369
1.147288,1.039964,1.003246,0.973639,0.971181
1.139714,1.041387,1.004172,0.971607,0.960091
1.140809,1.039849,1.004638,0.971630,0.956417
1.144069,1.040581,1.003968,0.971161,0.973016
1.145961,1.037756,1.004467,0.976443,0.969015
1.141355,1.033574,1.005974,0.972487,0.969864
1.139969,1.039747,1.003914,0.972609,0.972953
1.144679,1.040272,1.006841,0.973741,0.973433
1.141247,1.040197,1.005102,0.972922,0.971510
1.142261,1.039164,1.009207,0.970365,0.974637
1.140145,1.036599,1.001415,0.971750,0.974285
1.141840,1.039121,1.010208,0.976200,0.972539
1.140132,1.036092,1.002995,0.975150,0.970013
1.143307,1.041366,1.005236,0.975614,0.971140
1.144432,1.040014,1.005823,0.973926,0.971029
1.140189,1.037070,1.006699,0.975520,0.969886
1.135479,1.038678,1.002554,0.972907,0.974927
1.146819,1.041672,1.002336,0.971251,0.972356
1.142000,1.037307,1.005125,0.972673,0.973524
1.145536,1.043005,1.007664,0.971996,0.959053
1.147559,1.038826,1.006263,0.974995,0.972485
1.145985,1.042661,1.003252,0.974190,0.973539
1.140488,1.038919,1.001549,0.977386,0.975771
1.141627,1.038536,1.005203,0.974748,0.973840
1.142491,1.041426,1.005256,0.970283,0.968843
1.141573,1.040647,1.003864,0.976028,0.969646
1.142630,1.039983,1.004894,0.970862,0.972220
1.142581,1.038835,1.007339,0.973485,0.961765
1.121034,1.040404,1.004023,0.977378,0.972883
1.148593,1.045168,1.003852,0.975615,0.971984
1.142348,1.040973,1.005515,0.975254,0.971146
1.138750,1.039980,1.003997,0.967291,0.977011
1.140185,1.041130,1.007249,0.973359,0.971083
1.142078,1.037404,1.003808,0.972315,0.971179
1.125208,1.038974,1.006826,0.967104,0.970987
1.140378,1.037152,1.003178,0.972454,0.971024
1.141517,1.041907,1.005289,0.974366,0.956367
1.130737,1.041571,1.006123,0.976166,0.972949
1.139117,1.039836,1.004034,0.973925,0.970832
1.142156,1.038973,1.004940,0.976874,0.970965
1.140297,1.030527,1.004654,0.978377,0.974352
1.139548,1.041305,1.006407,0.975919,0.975451
1.146753,1.041159,1.006343,0.975847,0.972350
1.139897,1.040203,1.003283,0.975264,0.967800
1.142380,1.040810,1.005518,0.974683,0.979106
1.148570,1.039172,1.001774,0.973630,0.973660
1.136731,1.039471,1.007415,0.967006,0.969825
1.143010,1.041719,1.003528,0.974309,0.971386
1.141240,1.032469,1.004109,0.974923,0.974421
1.137842,1.042375,1.006353,0.975445,0.971102
1.143637,1.041406,1.004502,0.973514,0.971921
1.143181,1.032279,1.004632,0.975137,0.973186
1.143639,1.033295,1.002841,0.974816,0.975211
1.145592,1.037626,1.003885,0.972798,0.971507
1.130934,1.040146,1.002979,0.977036,0.972821
1.129231,1.038350,1.004252,0.974247,0.971188
1.140535,1.041433,1.003326,0.975471,0.970614
1.141400,1.040052,1.003014,0.971630,0.970643
1.141082,1.037410,1.003965,0.972420,0.977338
1.142894,1.036992,1.001978,0.971620,0.973787
1.140668,1.038220,1.004499,0.977950,0.973365
1.146289,1.035008,1.004986,0.976026,0.973929
1.120363,1.036025,1.003131,0.975214,0.972080
1.139693,1.038966,1.003023,0.972860,0.970575
1.142692,1.040378,1.004666,0.974001,0.973883
1.143357,1.040797,1.006441,0.977458,0.972929
1.141991,1.028690,1.004285,0.972627,0.974203
1.139876,1.038329,1.004198,0.970743,0.970659
1.142170,1.039241,1.007521,0.972391,0.978273
1.144200,1.040457,1.003638,0.971636,0.970668
1.144314,1.039576,1.008907,0.975421,0.971863
1.140189,1.039768,1.002414,0.976025,0.969485
1.138270,1.037324,1.003555,0.974871,0.968086
1.140884,1.030985,1.005379,0.974111,0.971692
1.146301,1.028837,1.004540,0.974881,0.970106
1.144933,1.042531,1.002490,0.974192,0.972234
1.141822,1.038795,1.007914,0.974605,0.971277
1.141701,1.036971,1.007065,0.975230,0.975249
1.144436,1.034036,1.003185,0.974824,0.973154
1.139273,1.038701,1.003235,0.969843,0.971234
1.143272,1.041128,1.006537,0.975736,0.968238
1.142410,1.037304,1.003070,0.973827,0.975428
1.119672,1.028922,1.004429,0.975840,0.970485
1.141020,1.040287,1.004250,0.972339,0.972160
1.137603,1.040257,1.006371,0.977171,0.969954
1.142818,1.039556,1.008195,0.978495,0.972514
1.142064,1.035553,1.004919,0.968929,0.972423
1.130754,1.040565,1.004567,0.970453,0.969248
1.140412,1.039475,1.005669,0.969553,0.964126
1.144450,1.032798,1.005948,0.970135,0.972866
1.140579,1.038751,1.004380,0.974898,0.976585
1.124570,1.035000,1.003876,0.973318,0.973019
1.142669,1.036616,1.005554,0.973847,0.975332
1.140211,1.040957,1.002986,0.974736,0.969804
1.143737,1.037536,1.004670,0.974973,0.972335
1.145021,1.039966,1.002617,0.975136,0.972043
1.143732,1.041911,1.006681,0.973251,0.971898
1.139331,1.040691,1.005699,0.975763,0.971604
1.135240,1.033670,1.004597,0.969140,0.969684
1.137336,1.041859,1.000511,0.973261,0.974380
1.147410,1.040044,1.003808,0.974442,0.972852
1.140614,1.038838,1.007649,0.976869,0.970255
1.139954,1.037159,1.003983,0.969098,0.971080
1.145140,1.039042,1.002286,0.969398,0.968830
1.141839,1.037690,1.008680,0.973727,0.974958
1.140412,1.041548,1.003307,0.973082,0.969784
1.141086,1.036442,1.005416,0.972117,0.973374
1.142778,1.036274,1.005004,0.969243,0.968442
1.140731,1.041880,1.005582,0.974420,0.970564
1.143989,1.041579,1.005204,0.975527,0.972237
1.141878,1.035681,1.003236,0.973119,0.974159
1.147353,1.039696,1.004391,0.975922,0.973700
1.143778,1.039199,1.003501,0.967972,0.972361
1.141799,1.041439,1.004757,0.976707,0.970471
1.137049,1.040712,1.006726,0.975750,0.976532
1.141238,1.036484,1.006525,0.968886,0.969655
1.131385,1.040456,1.005608,0.976022,0.971370
1.143115,1.042550,1.005524,0.974258,0.971816
1.143200,1.035079,1.004616,0.972878,0.970554
1.143439,1.036949,1.007726,0.976982,0.974196
1.138730,1.041165,1.005711,0.974192,0.974755
1.145920,1.039061,1.005052,0.975099,0.973689
1.141532,1.041557,1.004138,0.972583,0.968694
1.142171,1.039235,1.006443,0.972051,0.971455
1.141219,1.038767,1.007180,0.973322,0.973382
1.148652,1.040628,1.003352,0.977088,0.971226
1.143172,1.034055,1.002834,0.973699,0.971498
1.133868,1.030765,1.003391,0.973286,0.962834
1.141622,1.038303,1.004332,0.974638,0.974136
1.142327,1.040656,1.004809,0.973070,0.975322
1.140911,1.033346,1.006176,0.972500,0.973565
1.142459,1.039022,1.004884,0.971833,0.971752
1.144728,1.040197,1.007412,0.974278,0.971205
1.140474,1.035580,1.004173,0.974083,0.967046
1.138780,1.036890,1.005031,0.972895,0.965310
1.125254,1.041171,1.004772,0.977186,0.971143
1.146488,1.032562,1.003109,0.973492,0.973750
1.142179,1.038930,1.007809,0.969767,0.966215
1.140712,1.036951,1.006473,0.966107,0.968982
1.140441,1.038391,1.004021,0.976699,0.970216
1.140794,1.038607,1.004286,0.975671,0.971443
1.142135,1.035362,1.007336,0.973798,0.972829
1.140031,1.037952,1.003162,0.972376,0.971696
1.138560,1.042449,1.004366,0.977721,0.972551
1.141159,1.040102,1.002529,0.978950,0.975330
1.142570,1.041466,1.006905,0.971542,0.968246
1.141750,1.036801,1.005818,0.972311,0.974192
1.146353,1.038324,1.004438,0.977121,0.972769
1.142890,1.040056,1.004083,0.975299,0.972252
1.141417,1.039857,1.006396,0.971652,0.975307
1.139857,1.037723,1.004906,0.977718,0.970669
1.125933,1.035758,1.003718,0.971924,0.972367
1.136570,1.038453,1.003488,0.972054,0.969561
1.139338,1.039883,1.001994,0.967485,0.970125
1.143070,1.042504,1.004990,0.974542,0.967652
1.139738,1.037499,1.004242,0.972628,0.973361
1.143173,1.039365,1.006221,0.975367,0.973440
1.143360,1.041621,1.003452,0.974735,0.968835
1.141234,1.040137,1.002792,0.979228,0.971835
1.135390,1.039966,1.004352,0.975128,0.975804
1.143766,1.040108,1.005375,0.972333,0.973673
1.144062,1.039046,1.007339,0.976442,0.969902
1.116593,1.040234,1.003894,0.972654,0.971756
1.144667,1.032352,1.003473,0.974473,0.972696
1.141224,1.035855,1.006513,0.973390,0.976684
1.138668,1.039197,1.005051,0.973915,0.956154
1.136467,1.038349,1.004707,0.973134,0.971419
1.140721,1.034072,1.003829,0.977271,0.973689
1.145802,1.039326,1.004344,0.973959,0.974023
1.141853,1.038206,1.003136,0.974993,0.971832
1.141785,1.040845,1.008316,0.976031,0.972661
1.142216,1.038513,1.002413,0.969378,0.963710
1.150199,1.037587,1.006110,0.969657,0.974871
1.142491,1.036492,1.005794,0.977660,0.971580
1.128306,1.041963,1.006288,0.967156,0.971091
1.142413,1.040879,1.006821,0.973764,0.969689
1.140128,1.041811,1.005877,0.976811,0.973046
1.143795,1.040311,1.003925,0.975284,0.974593
1.141274,1.028411,1.005356,0.976337,0.973050
1.135743,1.041229,1.007248,0.974005,0.970591
1.143636,1.036889,1.005033,0.973276,0.963337
1.146151,1.025000,1.005583,0.967908,0.971180
1.143317,1.031706,1.004130,0.976711,0.968748
1.137168,1.039137,1.005452,0.975000,0.972141
1.147018,1.034445,1.006213,0.978181,0.976979
1.141116,1.038518,1.006910,0.971915,0.973323
1.141674,1.037403,1.005203,0.972103,0.971677
1.138785,1.034515,1.003112,0.973529,0.972285
1.142729,1.040249,1.005463,0.975202,0.973567
1.128140,1.038224,1.003436,0.974903,0.973610
1.141272,1.040147,1.001257,0.977985,0.972035
1.141963,1.039956,1.003824,0.973074,0.971176
1.142615,1.040045,1.004795,0.974121,0.968983
1.138383,1.038167,1.003727,0.973475,0.971667
1.141531,1.037551,1.006351,0.973697,0.972184
1.137723,1.039788,1.004731,0.968877,0.975695
1.136577,1.037810,1.003972,0.970100,0.970973
1.151084,1.039049,1.003859,0.972771,0.973968
1.126757,1.038478,1.002910,0.974162,0.969580
1.142130,1.039286,1.007109,0.972830,0.974170
1.144924,1.037875,1.004312,0.970763,0.972950
1.145487,1.043664,1.004740,0.972492,0.966894
1.143822,1.043003,1.004713,0.974853,0.972357
1.118057,1.040063,1.001219,0.975597,0.971150
1.143030,1.029766,1.005842,0.973564,0.964318
1.140975,1.038526,1.005216,0.973440,0.969569
1.121253,1.038582,1.006233,0.973585,0.971766
1.140972,1.040117,1.005281,0.974749,0.970819
1.144960,1.034268,1.005285,0.976104,0.971311
1.141426,1.037977,1.003947,0.975433,0.972038
1.145829,1.041063,1.007050,0.972666,0.969246
1.141524,1.038586,1.005841,0.971850,0.971018
1.139641,1.038038,1.004276,0.969586,0.972747
1.140020,1.037029,1.006772,0.975589,0.965321
1.143366,1.034194,1.006973,0.974811,0.972490
1.140314,1.041562,1.003897,0.975870,0.966499
1.121412,1.040459,1.004660,0.971268,0.973699
1.141452,1.036059,1.004568,0.974856,0.971796
1.146673,1.040850,1.003748,0.974525,0.971587
1.141657,1.038389,1.006686,0.971859,0.973214
1.127282,1.040502,1.003624,0.976734,0.971231
1.145521,1.040926,1.007507,0.975678,0.974650
1.137656,1.039620,1.005704,0.971953,0.973709
1.146770,1.038382,1.007039,0.975098,0.972843
1.137267,1.040428,1.001487,0.968244,0.974531
1.138886,1.038051,1.008258,0.979128,0.974159
1.141500,1.032046,1.004983,0.970834,0.972563
1.140318,1.044485,1.003741,0.972782,0.970798
1.138684,1.039852,1.006822,0.977451,0.973141
1.146453,1.037617,1.004016,0.974269,0.972928
1.144382,1.039209,1.007423,0.970635,0.969933
1.141289,1.040653,1.003865,0.975112,0.971812
1.143008,1.038084,1.005647,0.972765,0.972742
1.142694,1.041573,1.004839,0.976080,0.973217
1.141168,1.037673,1.004183,0.969525,0.972751
1.140803,1.042434,1.008405,0.971318,0.973060
1.140018,1.034484,1.006472,0.975525,0.970716
1.146066,1.038460,1.004503,0.973623,0.974061
1.144099,1.037936,1.005169,0.974916,0.968579
1.141206,1.037987,1.004443,0.971552,0.972342
1.138821,1.041687,1.001779,0.972906,0.974716
1.138950,1.038644,1.002773,0.972543,0.970527
1.139474,1.040928,1.006280,0.972182,0.972508
1.148269,1.036743,1.005041,0.976490,0.967204
1.118661,1.039428,1.007789,0.970980,0.976056
1.142009,1.039538,1.006686,0.974675,0.967996
1.139016,1.042162,1.002703,0.976497,0.971156
1.141548,1.035834,1.006223,0.977954,0.974501
1.140723,1.043286,1.005715,0.973271,0.973852
1.144995,1.041666,1.007536,0.975313,0.970357
1.141993,1.038826,1.003627,0.974056,0.971929
1.141151,1.037370,1.006422,0.977096,0.968238
1.141190,1.039611,1.003218,0.971052,0.969380
1.148485,1.039466,1.007645,0.975050,0.972118
1.141222,1.039574,1.004784,0.974247,0.973991
1.140030,1.041239,1.005817,0.975279,0.972995
1.147219,1.032193,1.004074,0.973426,0.971318
1.127561,1.037884,1.005294,0.979341,0.971800
1.138901,1.040425,1.003121,0.974358,0.976939
1.143207,1.040073,1.002573,0.974768,0.972922
1.138078,1.034912,1.005068,0.974131,0.971124
1.142482,1.037920,1.002225,0.967837,0.973841
1.143709,1.042112,1.003800,0.975149,0.972488
1.142742,1.038648,1.003976,0.970837,0.968061
1.139804,1.041032,1.003969,0.976201,0.972195
1.142365,1.042026,1.008028,0.971749,0.967452
1.145017,1.039116,1.006676,0.977110,0.970441
1.141678,1.038869,1.002775,0.972079,0.975457
1.141959,1.037284,1.005182,0.970367,0.974504
1.141705,1.041335,1.007739,0.969446,0.971466
1.141787,1.038090,1.003387,0.975001,0.970479
1.142865,1.037020,1.007112,0.974656,0.971075
1.143197,1.038560,1.005760,0.976063,0.975746
1.141707,1.038361,1.006381,0.972375,0.969874
1.144332,1.040970,1.004185,0.976415,0.971050
1.143190,1.036786,1.003245,0.971223,0.972488
1.121681,1.040298,1.003840,0.972693,0.973910
1.141779,1.040449,1.007669,0.966085,0.969376
1.145236,1.036275,1.005919,0.971716,0.969955
1.137461,1.040568,1.002247,0.977944,0.974334
1.140368,1.038729,1.006540,0.979277,0.972359
1.126488,1.039683,1.004222,0.976757,0.969365
1.126493,1.035731,1.006322,0.977636,0.972642
1.138541,1.037266,1.001403,0.976424,0.972255
1.138524,1.040471,1.003602,0.972290,0.972371
1.143140,1.044129,1.006319,0.971642,0.973678
1.148272,1.044589,1.002290,0.969298,0.973953
1.142851,1.037802,1.002333,0.971854,0.974000
1.143228,1.040826,1.006094,0.975318,0.973177
1.119533,1.043873,1.007307,0.969796,0.970648
1.142866,1.037410,1.003173,0.975363,0.972072
1.145210,1.038825,1.006713,0.965679,0.972100
1.141148,1.037143,1.003692,0.973336,0.975676
1.142201,1.037313,1.005458,0.974007,0.974618
1.140670,1.034617,1.006306,0.973913,0.972132
1.131716,1.039757,1.007896,0.975390,0.970926
1.147238,1.039415,1.004000,0.972623,0.972323
1.139915,1.035604,1.005397,0.972927,0.975182
1.140127,1.041009,1.005613,0.975123,0.972397
1.137744,1.041803,1.003231,0.977268,0.976771
1.119549,1.040832,1.003843,0.975693,0.972614
1.142595,1.037344,1.006571,0.971048,0.960837
1.123178,1.039338,1.003687,0.970859,0.974992
1.138098,1.036852,1.007017,0.975528,0.959622
1.138014,1.039225,1.006355,0.975143,0.977537
1.137622,1.039749,1.005349,0.974162,0.974033
1.143319,1.039046,1.007547,0.975887,0.970396
1.144495,1.038877,1.004620,0.975599,0.968549
1.120348,1.042240,1.004467,0.975603,0.973581
1.141852,1.040188,1.003913,0.972586,0.970810
1.145736,1.038819,1.008856,0.976645,0.974178
1.141590,1.041690,1.008499,0.975389,0.974534
1.139648,1.042775,1.007022,0.970055,0.973279
1.143863,1.038617,1.005022,0.969267,0.969531
1.136900,1.035920,1.004108,0.974971,0.971882
1.136248,1.036441,1.007641,0.975969,0.973619
1.142581,1.038445,1.007022,0.976178,0.962521
1.146712,1.037526,1.003817,0.972414,0.968505
1.145141,1.024982,1.003997,0.976661,0.972135
1.133531,1.038545,1.002926,0.969961,0.970699
1.140796,1.037815,1.005223,0.971046,0.972611
1.146812,1.041521,1.006580,0.979450,0.970994
1.141161,1.042090,1.004736,0.971583,0.964777
1.140871,1.038941,1.007114,0.974741,0.973126
1.144872,1.039814,1.005538,0.973238,0.976326
1.136007,1.043270,1.006297,0.972243,0.968818
1.142932,1.036186,1.006659,0.973645,0.975772
1.138036,1.040528,1.004666,0.974447,0.970850
1.143549,1.032065,1.003136,0.974709,0.973157
1.136787,1.039059,1.008081,0.975537,0.971733
1.139719,1.036590,1.006338,0.965445,0.971647
1.140690,1.038579,1.002481,0.976115,0.966833
1.142730,1.043175,1.006122,0.976029,0.973478
1.142014,1.039800,1.007851,0.975661,0.974211
1.142010,1.025274,1.002491,0.977559,0.974603
1.138625,1.038526,1.006720,0.976401,0.968665
1.136311,1.041449,1.004501,0.973883,0.971758
1.135355,1.040699,1.008010,0.971270,0.970689
1.142573,1.033997,1.004345,0.977352,0.973748
1.143101,1.037151,1.004390,0.973037,0.970090
1.120498,1.035878,1.002627,0.976002,0.971439
1.138868,1.037413,1.004347,0.974778,0.970780
1.146272,1.038619,1.005659,0.976552,0.969337
1.141028,1.038177,1.005585,0.977622,0.972508
1.149301,1.037149,1.004756,0.977267,0.973017
1.140835,1.033762,1.004933,0.976744,0.975038
1.140000,1.036890,1.003496,0.969475,0.970924
1.146130,1.036270,1.008526,0.974553,0.968729
1.141852,1.037799,1.007691,0.974791,0.971204
1.141207,1.036203,1.002976,0.968643,0.974432
1.140274,1.038834,1.004895,0.973856,0.975878
1.140166,1.039305,1.004127,0.971782,0.970533
1.145134,1.041511,1.005790,0.973717,0.972849
1.141326,1.039710,1.007479,0.973905,0.970470
1.139090,1.046688,1.004281,0.973304,0.971947
1.141275,1.041797,1.004204,0.973041,0.972635
1.142950,1.039828,1.003109,0.976979,0.970111
1.143207,1.039429,1.006534,0.974984,0.970656
1.141621,1.037349,1.006290,0.973390,0.969953
1.139139,1.041493,1.008243,0.976225,0.975704
1.143485,1.037713,1.003882,0.977493,0.972802
1.141520,1.039327,1.004546,0.973089,0.970020
1.137720,1.039492,1.004862,0.971623,0.972758
1.138590,1.040608,1.004262,0.972007,0.972607
1.146735,1.041021,1.005503,0.975008,0.974464
1.141873,1.036764,1.006291,0.976046,0.973944
1.144519,1.040299,1.009445,0.978925,0.972075
1.142342,1.039947,1.005188,0.974582,0.973441
1.144727,1.033388,1.007244,0.977464,0.976975
1.141142,1.036761,1.006337,0.974187,0.970199
1.140444,1.040241,1.007222,0.972492,0.972864
1.142372,1.039777,1.002713,0.967442,0.974470
1.140913,1.037932,1.004840,0.977173,0.975412
1.145079,1.038641,1.006862,0.972757,0.969992
1.131523,1.038273,1.005638,0.974856,0.971085
1.141143,1.037585,1.005847,0.975499,0.969271
1.140731,1.036384,1.006526,0.975020,0.975462
1.142628,1.040591,1.002454,0.976336,0.970482
1.142729,1.040923,1.007247,0.972675,0.970047
1.140995,1.036395,1.007064,0.972606,0.972384
1.145112,1.037521,1.004813,0.977445,0.975432
1.143840,1.030082,1.003923,0.976365,0.971317
1.141237,1.035683,1.009783,0.971356,0.970852
1.145016,1.034370,1.004690,0.977629,0.973208
1.145039,1.039453,1.003405,0.975579,0.973398
1.125988,1.038447,1.007338,0.976914,0.971375
1.131196,1.041664,1.005484,0.976744,0.969639
1.146225,1.038135,1.000744,0.975803,0.973486
1.137902,1.034507,1.003879,0.971124,0.974226
1.144676,1.035950,1.002976,0.975475,0.969217
1.138102,1.038335,1.004243,0.973775,0.971176
1.143022,1.041749,1.005039,0.975974,0.970060
1.142137,1.033973,1.005883,0.977048,0.973426
1.140480,1.034963,1.006885,0.975079,0.975737
1.139379,1.041985,1.004798,0.967519,0.970777
1.141973,1.040705,1.003683,0.972006,0.971769
1.142007,1.038908,1.005698,0.976880,0.970416
1.139848,1.040873,1.004940,0.975672,0.976862
1.142859,1.035533,1.004287,0.976284,0.971866
1.146218,1.041020,1.004267,0.972495,0.972770
1.139966,1.035141,1.006180,0.971619,0.970891
1.143579,1.041822,1.005013,0.974994,0.971084
1.141542,1.039191,1.005889,0.976931,0.976002
1.139705,1.040993,1.003726,0.971372,0.973374
1.140405,1.039944,1.006884,0.973008,0.973274
1.116326,1.040537,1.005490,0.972988,0.970848
1.133480,1.033784,1.002649,0.973112,0.974933
1.124374,1.039039,1.006910,0.970382,0.976893
1.146419,1.036969,1.003346,0.973348,0.971969
1.145280,1.040574,1.002644,0.973820,0.974163
1.142944,1.040951,1.002440,0.976735,0.975634
1.137594,1.031829,1.004685,0.973202,0.968579
1.141012,1.040498,1.003155,0.976230,0.972490
1.140964,1.038614,1.008301,0.972666,0.971483
1.144896,1.039085,1.005788,0.972974,0.972153
1.140486,1.038817,1.003448,0.970147,0.970127
1.140170,1.039535,1.004768,0.970351,0.972489
1.141411,1.028877,1.005754,0.974914,0.973280
1.142987,1.040328,1.002775,0.970765,0.971027
1.142843,1.040802,1.008222,0.974430,0.971078
1.138814,1.038599,1.007146,0.971958,0.974723
1.139781,1.040214,1.003066,0.973066,0.975116
1.140942,1.036605,1.003958,0.975385,0.968344
1.141731,1.038654,1.005018,0.974993,0.972210
1.142503,1.044644,1.001767,0.976198,0.972176
1.140441,1.039840,1.007798,0.977167,0.972925
1.145650,1.038591,1.002293,0.970882,0.971384
1.143486,1.038342,1.004686,0.971312,0.969414
1.141300,1.039009,1.003109,0.973631,0.971823
1.140654,1.037971,1.005941,0.972423,0.973884
1.141124,1.028479,1.007102,0.972207,0.973958
1.145810,1.035657,1.002627,0.974625,0.973047
1.125092,1.044585,1.003710,0.975645,0.972479
1.142188,1.031641,1.008020,0.973958,0.970176
1.147905,1.036466,1.004594,0.975285,0.975122
1.139318,1.038685,1.005990,0.972302,0.973940
1.134247,1.037898,1.005740,0.976895,0.969403
1.140487,1.038362,1.004158,0.976312,0.973545
1.142707,1.038637,1.007546,0.967735,0.971575
1.143020,1.039373,1.007442,0.970845,0.969648
1.142593,1.038201,1.003676,0.973570,0.971254
1.139476,1.038598,1.002768,0.971970,0.971982
1.119720,1.040622,1.003220,0.974516,0.970296
1.135706,1.036681,1.004856,0.974432,0.970249
1.140750,1.039974,1.007560,0.973610,0.968677
1.138693,1.038993,1.006176,0.973903,0.972391
1.141373,1.039600,1.007785,0.971742,0.974872
1.143108,1.038406,1.006798,0.974056,0.971187
1.147806,1.040275,1.005131,0.967298,0.970703
1.140863,1.035997,1.007216,0.971727,0.972753
1.131482,1.040788,1.005737,0.976136,0.970708
1.137218,1.039469,1.005084,0.973902,0.971110
1.142106,1.038827,1.005266,0.969901,0.963689
1.143454,1.038488,1.004022,0.970599,0.973260
1.143883,1.033808,1.005482,0.976331,0.973597
1.141001,1.039895,1.002197,0.974835,0.973391
1.145253,1.040293,1.003765,0.971288,0.972146
1.145590,1.042330,1.003963,0.968730,0.971505
1.143480,1.040783,1.005906,0.975014,0.975869
1.140474,1.040187,1.005491,0.977166,0.970497
1.141665,1.036809,1.007401,0.971840,0.973799
1.147041,1.039274,1.003759,0.979710,0.970137
1.140871,1.039713,1.005470,0.971378,0.972275
1.138663,1.037635,1.004310,0.967169,0.970959
1.141592,1.038904,1.004459,0.976598,0.972001
1.143481,1.041372,1.006830,0.974948,0.970303
1.140712,1.039130,1.005915,0.972186,0.974564
1.139937,1.039326,0.999727,0.972366,0.971095
1.143954,1.036766,1.002822,0.972304,0.972716
1.142866,1.035345,1.005986,0.977605,0.970258
1.145744,1.041217,1.002981,0.977469,0.971832
1.138107,1.037654,1.003262,0.975086,0.973360
1.142525,1.039429,1.004771,0.973627,0.975906
1.140677,1.040037,1.007700,0.966026,0.969876
1.142630,1.040217,1.006920,0.975597,0.976541
1.136427,1.039141,1.007078,0.967882,0.972017
1.141958,1.036615,1.001953,0.977715,0.972002
1.145641,1.039927,1.003586,0.968469,0.974359
1.141401,1.039173,1.002372,0.972502,0.969137
1.145436,1.038986,1.005187,0.975963,0.973165
1.142805,1.042741,1.004824,0.971818,0.974574
1.141457,1.039044,1.005365,0.973124,0.969684
1.141426,1.036927,1.003634,0.972255,0.973269
1.139681,1.039545,1.004296,0.978176,0.974551
1.141220,1.038584,1.002269,0.973252,0.972060
1.141290,1.037730,1.007086,0.976714,0.971592
1.139473,1.037514,1.006974,0.973195,0.973463
1.133001,1.038842,1.004702,0.970124,0.974569
1.145319,1.037127,1.005451,0.974610,0.973229
1.143472,1.040461,1.006143,0.975097,0.974483
1.144052,1.039471,1.006004,0.976661,0.971096
1.139557,1.038806,1.006877,0.972643,0.973537
1.143489,1.038552,1.005828,0.973576,0.972178
1.143589,1.038081,1.002498,0.972029,0.967574
1.141584,1.043220,1.002087,0.977006,0.969215
1.137046,1.038969,1.003561,0.974970,0.973779
1.140093,1.039133,1.002477,0.976035,0.973824
1.137582,1.037857,1.004393,0.974293,0.978270
1.143333,1.036101,1.007051,0.973429,0.972728
1.144215,1.037821,1.006373,0.968268,0.971339
1.140719,1.036139,1.004100,0.975660,0.971238
1.146666,1.040775,1.004540,0.977448,0.972211
1.131604,1.040870,1.007609,0.977762,0.970755
1.133520,1.036750,1.003448,0.972967,0.971616
1.123238,1.039509,1.005549,0.971260,0.973315
1.141738,1.036594,1.003381,0.970312,0.973633
1.142690,1.040883,1.004852,0.974356,0.973885
1.145547,1.042675,1.008377,0.977009,0.971631
1.139114,1.038306,1.005604,0.972265,0.974944
1.139009,1.035145,1.005120,0.971125,0.972869
1.139998,1.041202,1.001636,0.976957,0.966487
1.143915,1.037262,1.003975,0.970936,0.972962
1.145097,1.039324,1.005178,0.975135,0.972179
1.142482,1.032294,1.004354,0.971873,0.972608
1.141627,1.035086,1.003476,0.972170,0.970000
1.139596,1.038732,1.003628,0.978802,0.972784
1.143688,1.040203,1.007868,0.972883,0.972349
1.146697,1.038096,1.006238,0.972581,0.970074
1.139106,1.039511,1.005918,0.971497,0.973242
1.146295,1.042005,1.003049,0.975631,0.976619
1.125410,1.037912,1.007471,0.973086,0.969107
1.144830,1.038383,1.002862,0.972613,0.972680
1.140662,1.040226,1.004910,0.974668,0.971658
1.140625,1.032542,1.006743,0.967523,0.972247
1.139264,1.041886,1.003811,0.977269,0.970078
1.124634,1.037437,1.006504,0.977455,0.973930
1.136336,1.039314,1.003949,0.974729,0.968354
1.146442,1.040404,1.005650,0.978005,0.973959
1.148513,1.043357,1.003570,0.975395,0.970997
1.141872,1.041792,1.000451,0.973427,0.972427
1.140315,1.036120,1.003798,0.971475,0.970455
1.137730,1.036402,1.007731,0.972853,0.969051
1.142005,1.040222,1.002719,0.970646,0.971803
1.142299,1.041298,1.005458,0.977381,0.975271
1.134590,1.037648,1.005775,0.975653,0.974655
1.143904,1.041062,1.006961,0.978035,0.971103
1.145644,1.042341,1.005634,0.976874,0.967972
1.147308,1.038807,1.004546,0.976259,0.972905
1.142855,1.032603,1.007272,0.973916,0.971064
1.144455,1.042078,1.007573,0.974059,0.971193
1.137357,1.036455,1.003304,0.974781,0.974965
1.142457,1.037428,1.005395,0.977420,0.971279
1.146873,1.042271,1.007404,0.977331,0.971123
1.139843,1.031049,1.006288,0.976373,0.970628
1.144712,1.035162,1.006334,0.971944,0.971366
1.142341,1.040879,1.006086,0.974375,0.975643
1.119581,1.043140,1.005988,0.976884,0.971648
1.150560,1.038569,1.003665,0.968606,0.973994
1.143351,1.039683,1.005760,0.975421,0.970860
1.148621,1.039592,1.006891,0.974385,0.973253
1.144921,1.042146,1.004572,0.976522,0.971911
1.135526,1.039281,1.005414,0.974606,0.973580
1.140196,1.040083,1.003002,0.975712,0.965216
1.140464,1.036996,1.003057,0.975245,0.971381
1.139834,1.041747,1.001461,0.974254,0.971436
1.118392,1.031083,1.003411,0.973952,0.970623
1.138456,1.037393,1.003957,0.972215,0.974255
1.140521,1.040766,1.001913,0.975642,0.970007
1.120756,1.028074,1.003837,0.972381,0.970109
1.133050,1.041178,1.003031,0.976212,0.977409
1.138622,1.042651,1.006314,0.975485,0.970369
1.146187,1.026709,1.005816,0.972888,0.971531
1.144746,1.031368,1.007403,0.976949,0.970058
1.142174,1.040202,1.005415,0.973138,0.965055
1.144314,1.039000,1.005028,0.975969,0.970741
1.143179,1.042095,1.010760,0.977921,0.971186
1.141873,1.039904,1.006905,0.971761,0.971029
1.124583,1.030669,1.003000,0.974935,0.968393
1.143624,1.035330,1.006572,0.977453,0.971794
1.139923,1.036278,1.008347,0.972889,0.972817
1.140894,1.040068,1.005177,0.974702,0.973870
1.147507,1.035864,1.006094,0.976540,0.970659
1.143386,1.042476,1.004559,0.974782,0.974576
1.144017,1.037808,1.005008,0.970387,0.973603
1.139219,1.029567,1.002818,0.975146,0.971284
1.144286,1.042743,1.002868,0.974056,0.971120
1.142683,1.039227,1.000064,0.976157,0.969836
1.143415,1.039649,1.006779,0.973312,0.969096
1.143970,1.040762,1.004657,0.975105,0.974524
1.141524,1.036337,1.003415,0.973553,0.969164
1.144754,1.042247,1.006078,0.972574,0.967725
1.141497,1.034891,1.002895,0.975815,0.972516
1.139978,1.038391,1.004112,0.974117,0.971310
1.144443,1.038532,1.005563,0.974899,0.974697
1.143227,1.041790,1.003243,0.971364,0.965172
1.137717,1.042880,1.003839,0.976646,0.972025
1.137960,1.041276,1.004844,0.975426,0.971905
1.141690,1.038917,1.005410,0.972457,0.970568
1.144072,1.039046,1.003663,0.976972,0.970929
1.138525,1.038823,1.002897,0.973335,0.970313
1.141141,1.039157,1.004007,0.974427,0.971068
1.145650,1.042921,1.006114,0.975104,0.969768
1.139603,1.034816,1.006917,0.976990,0.964695
1.144240,1.040571,1.003044,0.970365,0.972827
1.139253,1.039416,1.005968,0.973463,0.970587
1.139921,1.040617,1.005042,0.970537,0.971231
1.143035,1.031964,1.004207,0.971959,0.971084
1.121739,1.040708,1.007272,0.975622,0.971503
1.138207,1.042601,1.003654,0.975540,0.970956
1.141740,1.038336,1.006347,0.975856,0.975607
1.141271,1.029686,1.006357,0.975835,0.972466
1.140010,1.040041,1.004520,0.971875,0.974242
1.140043,1.037450,1.006510,0.971183,0.971315
1.144929,1.037788,1.004256,0.975944,0.970940
1.128747,1.038815,1.009009,0.977932,0.968611
1.141548,1.038936,1.004636,0.975470,0.970263
1.142509,1.040709,1.002181,0.977031,0.972576
1.144634,1.031735,1.006181,0.972600,0.971828
1.141116,1.039240,1.008140,0.976692,0.976090
1.141757,1.037864,1.006107,0.975048,0.964792
1.119943,1.034116,1.003694,0.970780,0.973249
1.119018,1.042029,1.006536,0.969474,0.969712
1.142905,1.039492,1.006653,0.976053,0.971026
1.141770,1.039735,1.004913,0.974384,0.968504
1.128122,1.037662,1.005238,0.977230,0.971948
1.142999,1.040713,1.002077,0.971578,0.971172
1.144220,1.039836,1.009201,0.977457,0.974563
1.144738,1.039103,1.006543,0.970403,0.977345
1.144931,1.040665,1.007657,0.972296,0.973762
1.142938,1.034479,1.008274,0.971325,0.972190
1.142654,1.042435,1.006362,0.974500,0.962144
1.142829,1.040780,1.007626,0.975159,0.975267
1.120111,1.037788,1.006158,0.974538,0.969037
1.143033,1.039163,1.006603,0.975475,0.972792
1.141848,1.034329,1.006424,0.972064,0.972181
1.141471,1.031396,1.005166,0.973628,0.972455
1.141640,1.042928,1.004970,0.972036,0.971439
1.140930,1.040131,1.003738,0.974982,0.973128
1.140325,1.040008,1.006824,0.974236,0.967003
1.141698,1.039344,1.005709,0.977018,0.972930
1.131238,1.039853,1.004179,0.970860,0.974539
1.137912,1.036847,1.006102,0.969809,0.973081
1.140531,1.039295,1.003851,0.975559,0.968960
1.142703,1.039654,1.003801,0.972550,0.975091
1.146860,1.039775,1.006244,0.972022,0.963994
1.141266,1.035845,1.004600,0.974325,0.968736
1.142188,1.036573,1.006390,0.972718,0.968812
1.142364,1.044097,1.008956,0.974850,0.974067
1.141257,1.036162,1.003132,0.973892,0.970693
1.143548,1.029811,1.005822,0.972811,0.972464
1.142720,1.031333,1.002770,0.974434,0.968024
1.152910,1.038351,1.004588,0.977695,0.972767
1.141031,1.038267,1.008846,0.977908,0.974578
1.144394,1.039237,1.007869,0.978769,0.968607
1.145437,1.040428,1.003719,0.975802,0.976700
1.142724,1.037364,1.002487,0.972760,0.971167
1.140498,1.033801,1.006280,0.977135,0.964123
1.139968,1.038263,1.005955,0.976140,0.971623
1.137725,1.037378,1.001416,0.974302,0.972427
1.138563,1.036696,1.003276,0.970394,0.972522
1.132623,1.038108,1.003649,0.973904,0.971824
1.139535,1.038842,1.002592,0.971837,0.972524
1.144543,1.038478,1.001198,0.971932,0.970177
1.147941,1.041400,1.003753,0.976759,0.971657
1.147114,1.039396,1.002768,0.972509,0.976391
1.146585,1.039662,1.002628,0.971037,0.972311
1.142342,1.040739,1.001378,0.972801,0.976576
1.147340,1.038548,1.004169,0.975767,0.972932
1.140887,1.033212,1.004437,0.975638,0.972648
1.142074,1.033988,1.003132,0.978710,0.974060
1.119170,1.035280,1.004212,0.977051,0.966167
1.139566,1.037023,1.002944,0.977220,0.970314
1.146369,1.038147,1.005176,0.972045,0.974117
1.140475,1.036602,1.002987,0.976051,0.976141
1.144892,1.035614,1.002569,0.974210,0.970588
1.138862,1.041398,1.004577,0.973937,0.973342
1.145778,1.043905,1.005317,0.975007,0.974000
1.124666,1.033909,1.005040,0.972971,0.971816
1.130422,1.039851,1.004985,0.974034,0.975819
1.142988,1.037927,1.007039,0.976034,0.975464
1.143929,1.039396,1.001762,0.975218,0.973044
1.145612,1.036479,1.002984,0.977811,0.972763
1.143480,1.032876,1.003667,0.972256,0.973835
1.140190,1.039630,1.003441,0.974281,0.975252
1.121143,1.038399,1.004195,0.979202,0.975074
1.141102,1.035837,1.007124,0.976607,0.970203
1.121928,1.036902,1.004307,0.977451,0.973787
1.141854,1.039261,1.002706,0.973024,0.974408
1.139744,1.038007,1.006084,0.973567,0.970577
1.141378,1.038443,1.004945,0.973220,0.972653
1.140943,1.039780,1.006523,0.976429,0.972024
1.146037,1.041145,1.007980,0.968751,0.973268
1.145968,1.039379,1.003337,0.974420,0.971701
1.135850,1.040712,1.008447,0.969562,0.970148
1.142112,1.039046,1.006461,0.976973,0.969927
1.147238,1.039623,1.006469,0.972763,0.973638
1.144476,1.038287,1.002474,0.976318,0.970036
1.132330,1.038966,1.005707,0.974310,0.972683
1.125851,1.029589,1.005434,0.973672,0.971620
1.141247,1.043212,1.003344,0.973812,0.974725
1.139879,1.044056,1.008789,0.971643,0.971447
1.141137,1.035836,1.008437,0.973955,0.968955
1.142296,1.040717,1.003712,0.976877,0.971109
1.142656,1.038294,1.005002,0.973164,0.970153
1.144325,1.037656,1.003143,0.971715,0.968891
1.140939,1.036268,1.005686,0.977754,0.974041
1.142105,1.041633,1.006540,0.971303,0.973296
1.142665,1.036370,1.003188,0.972800,0.972044
1.144673,1.043484,1.007152,0.971817,0.963909
1.147203,1.038281,1.002648,0.974695,0.970994
1.139151,1.036695,1.003536,0.975307,0.974714
1.141784,1.040243,1.005665,0.971924,0.972790
1.142636,1.037494,1.004293,0.969770,0.972295
1.144505,1.039518,1.006072,0.974633,0.969866
1.146239,1.033791,1.004780,0.972010,0.973390
1.141296,1.041294,1.002831,0.967736,0.969175
1.143916,1.035407,1.004092,0.974047,0.970895
1.140285,1.041239,1.001870,0.972748,0.970832
1.140993,1.038948,1.004632,0.969397,0.968325
1.145274,1.035512,1.007229,0.976915,0.971129
1.135967,1.038316,1.002583,0.973934,0.971440
1.144944,1.039833,1.007905,0.973180,0.971757
1.139712,1.037020,1.006368,0.972008,0.973199
1.146789,1.030949,1.007105,0.972313,0.968970
1.137881,1.037287,1.000785,0.975053,0.969645
1.144459,1.039832,1.004747,0.975444,0.974333
1.136627,1.037691,1.002786,0.972695,0.971032
1.140998,1.038767,1.008092,0.974258,0.972236
1.135655,1.038949,1.006566,0.970330,0.973027
1.140921,1.039876,1.002408,0.971277,0.973153
1.141120,1.040948,1.004677,0.976820,0.972836
1.142265,1.035426,1.005994,0.971294,0.970539
1.148296,1.038759,1.004438,0.975393,0.973905
1.139306,1.040510,1.005823,0.970661,0.970053
1.141182,1.041953,1.003856,0.974334,0.970381
1.144068,1.040277,1.004537,0.973555,0.968254
1.145032,1.038539,1.003539,0.977741,0.976117
1.137871,1.038917,1.006356,0.973083,0.971033
1.145464,1.039801,1.003955,0.974929,0.972718
1.122350,1.041245,1.006042,0.975329,0.968926
1.143393,1.040338,1.002537,0.976133,0.973562
1.137701,1.035865,1.007329,0.976141,0.972862
1.142235,1.038329,1.006365,0.975543,0.971375
1.142282,1.040421,1.005476,0.975317,0.974373
1.146784,1.040618,1.004659,0.973338,0.972662
1.142885,1.042905,1.003097,0.973023,0.972883
1.140151,1.040633,1.006097,0.973795,0.972455
1.142105,1.036867,1.004616,0.971808,0.967620
1.138106,1.042167,1.006021,0.972033,0.972231
1.142600,1.037565,1.003321,0.976081,0.970473
1.145612,1.037425,1.007370,0.971814,0.972575
1.130866,1.040088,1.005638,0.972908,0.972486
1.138329,1.039740,1.006894,0.973795,0.974593
1.139444,1.042749,1.001840,0.969741,0.971583
1.139910,1.034177,1.003270,0.975832,0.968347
1.147563,1.041419,1.008895,0.972680,0.972263
1.140411,1.039832,1.004016,0.974790,0.971373
1.119633,1.038741,1.005407,0.977149,0.976103
1.143829,1.040124,1.004202,0.970936,0.973705
1.143516,1.038208,1.006220,0.974088,0.953815
1.144907,1.041377,1.006074,0.974084,0.976576
1.147398,1.036497,1.003663,0.971286,0.972915
1.141550,1.042956,1.004655,0.972915,0.976118
1.143786,1.038483,1.004880,0.975818,0.971739
1.137123,1.039666,1.003365,0.975875,0.968241
1.140688,1.038133,1.008214,0.975357,0.970707
1.121113,1.043503,1.007429,0.972267,0.970805
1.141565,1.036549,1.007463,0.972908,0.972980
1.146439,1.040123,1.004858,0.976447,0.974542
1.147311,1.038181,1.003678,0.972377,0.968767
1.133866,1.036618,1.001743,0.975675,0.970955
1.142296,1.037379,1.004325,0.967010,0.971364
1.137725,1.032524,1.010446,0.977116,0.971657
1.143766,1.042120,1.005249,0.968597,0.972328
1.147396,1.036914,1.007436,0.975511,0.970219
1.119770,1.031094,1.005293,0.971547,0.971381
1.135152,1.041014,1.004875,0.974850,0.969385
1.144542,1.038434,1.003219,0.971308,0.948725
1.141059,1.039541,1.003552,0.973295,0.966734
1.138806,1.037136,1.005882,0.975664,0.971495
1.141106,1.040064,1.006773,0.968611,0.969442
1.142203,1.037167,1.006959,0.973693,0.969902
1.146798,1.040448,1.005325,0.972675,0.971260
1.141610,1.038322,1.004953,0.973058,0.970786
1.139700,1.039542,1.007623,0.967150,0.971421
1.140739,1.036060,1.002040,0.971265,0.970758
1.141936,1.038313,1.006451,0.975389,0.974889
1.148713,1.038074,1.004328,0.976939,0.972762
1.123063,1.037063,1.004915,0.976533,0.971832
1.145463,1.038626,1.004402,0.976432,0.969539
1.145566,1.039583,1.004501,0.974361,0.969476
1.145113,1.040348,1.006555,0.972721,0.972581
1.141616,1.040752,1.006004,0.972199,0.973392
1.146169,1.041227,1.008045,0.975350,0.970931
1.138037,1.038778,1.004759,0.969008,0.969317
1.143166,1.041495,1.006617,0.974778,0.974247
1.137621,1.043105,1.002228,0.965729,0.972260
1.142023,1.039826,1.007030,0.975181,0.971943
1.141845,1.038426,1.003754,0.974801,0.969862
1.138612,1.040700,1.007519,0.972819,0.972107
1.141101,1.035441,1.003459,0.974914,0.970692
1.146451,1.041160,1.003202,0.976175,0.967221
1.146828,1.040908,1.006915,0.972638,0.969196
1.132368,1.039760,1.007244,0.980263,0.971872
1.142318,1.039021,1.005231,0.969637,0.969273
1.141725,1.040969,1.009320,0.974721,0.972279
1.141121,1.036999,1.004547,0.971732,0.972323
1.142284,1.036537,1.004201,0.975603,0.971739
1.121919,1.035744,1.005238,0.977269,0.969632
1.145383,1.038491,1.003271,0.976837,0.967635
1.143133,1.036843,1.006672,0.972857,0.972556
1.123078,1.040685,1.005697,0.974932,0.972863
1.140602,1.040609,1.002980,0.973092,0.975093
1.139344,1.040609,1.004488,0.976016,0.972852
1.141121,1.039038,1.005463,0.973033,0.968737
1.141401,1.039281,1.004104,0.975546,0.972848
1.140378,1.039376,1.007103,0.971713,0.971350
1.142385,1.035885,1.004377,0.973670,0.972242
1.140277,1.038055,1.005449,0.975453,0.974051
1.143142,1.040219,1.006443,0.971410,0.968935
1.141749,1.038963,1.006154,0.977437,0.972143
1.141568,1.039692,1.003732,0.975823,0.970584
1.136251,1.036251,1.008048,0.976456,0.973143
1.144597,1.038422,1.004084,0.977460,0.968186
1.135049,1.038105,1.005726,0.973424,0.977783
1.136738,1.039881,1.003427,0.975496,0.971586
1.143317,1.041110,1.005422,0.977724,0.972473
1.144981,1.039303,1.002429,0.973937,0.973138
1.139872,1.037779,1.006840,0.975604,0.969946
1.145543,1.033100,1.008276,0.974490,0.973067
1.140139,1.038873,1.003758,0.974501,0.973473
1.143475,1.041719,1.008542,0.973873,0.963525
1.138710,1.041865,1.007662,0.977448,0.972010
1.140049,1.036945,1.008562,0.973782,0.971866
1.139456,1.031086,1.007381,0.976582,0.972032
