L,T,ordered_mean,ordered_std,amorphous_mean,amorphous_std
16,0.850000,0.999086,0.000231,0.000922,0.000229
16,0.860000,0.998003,0.000662,0.002051,0.000686
16,0.870000,0.998163,0.000668,0.001879,0.000711
16,0.881000,0.990577,0.004051,0.009335,0.003947
16,0.891000,0.992739,0.002048,0.007313,0.002052
16,0.901000,0.993617,0.002357,0.006357,0.002325
16,0.911000,0.988008,0.002596,0.011931,0.002610
16,0.921000,0.979854,0.005831,0.020204,0.006250
16,0.931000,0.990396,0.002175,0.009591,0.002238
16,0.942000,0.991925,0.001369,0.008060,0.001313
16,0.952000,0.991243,0.001596,0.008689,0.001517
16,0.962000,0.965425,0.007902,0.034341,0.008161
16,0.972000,0.953787,0.008402,0.046315,0.008245
16,0.982000,0.947665,0.009040,0.052540,0.009281
16,0.992000,0.906007,0.014871,0.094756,0.014032
16,1.003000,0.916395,0.012984,0.083571,0.013865
16,1.013000,0.931188,0.010257,0.068606,0.010156
16,1.023000,0.928662,0.013298,0.070777,0.013174
16,1.033000,0.914236,0.015177,0.085824,0.015043
16,1.043000,0.833879,0.022545,0.165587,0.022490
16,1.053000,0.786941,0.027346,0.212572,0.026254
16,1.064000,0.820919,0.021910,0.179950,0.022257
16,1.074000,0.759421,0.023294,0.240900,0.023447
16,1.084000,0.733273,0.024850,0.266024,0.025692
16,1.094000,0.660352,0.026141,0.339574,0.025716
16,1.104000,0.705012,0.026797,0.293866,0.025834
16,1.114000,0.593383,0.029393,0.405190,0.028435
16,1.125000,0.514926,0.029066,0.486613,0.030281
16,1.135000,0.543882,0.029205,0.456820,0.030883
16,1.145000,0.471406,0.028197,0.526902,0.027802
16,1.155000,0.432555,0.025591,0.567049,0.025523
16,1.165000,0.434832,0.025712,0.565521,0.026700
16,1.175000,0.305825,0.028134,0.694310,0.026506
16,1.186000,0.322688,0.024750,0.677172,0.024450
16,1.196000,0.250188,0.022803,0.749301,0.021105
16,1.206000,0.260668,0.025817,0.738541,0.025064
16,1.216000,0.195754,0.022255,0.803290,0.021603
16,1.226000,0.213662,0.020849,0.785508,0.020941
16,1.236000,0.163557,0.019081,0.836635,0.017864
16,1.247000,0.187280,0.018848,0.812466,0.019856
16,1.257000,0.173261,0.019052,0.827209,0.018974
16,1.267000,0.108801,0.015201,0.891056,0.015342
16,1.277000,0.111920,0.012807,0.888023,0.013072
16,1.287000,0.139970,0.017212,0.859582,0.017589
16,1.297000,0.118646,0.016930,0.882118,0.017338
16,1.308000,0.066340,0.011006,0.933912,0.010752
16,1.318000,0.066734,0.010679,0.933351,0.010657
16,1.328000,0.085995,0.012627,0.913410,0.013036
16,1.338000,0.093453,0.011152,0.907115,0.011392
16,1.348000,0.079546,0.011886,0.919604,0.011476
16,1.358000,0.045377,0.009706,0.954407,0.009571
16,1.369000,0.052955,0.007872,0.947844,0.007872
16,1.379000,0.031889,0.007777,0.968582,0.007789
16,1.389000,0.047019,0.007134,0.953129,0.007086
16,1.399000,0.030334,0.006765,0.969738,0.006936
16,1.409000,0.057816,0.009934,0.942335,0.009917
16,1.419000,0.030297,0.005741,0.969951,0.005733
16,1.430000,0.020433,0.005728,0.980070,0.005795
16,1.440000,0.015922,0.002608,0.984261,0.002646
16,1.450000,0.021699,0.003757,0.978530,0.003714
32,0.750000,0.999967,0.000003,0.000033,0.000003
32,0.760000,0.999890,0.000027,0.000109,0.000026
32,0.770000,0.999909,0.000013,0.000091,0.000013
32,0.781000,0.999934,0.000013,0.000066,0.000013
32,0.791000,0.999914,0.000022,0.000087,0.000024
32,0.801000,0.999905,0.000019,0.000094,0.000019
32,0.811000,0.999491,0.000127,0.000508,0.000127
32,0.821000,0.999349,0.000241,0.000657,0.000243
32,0.831000,0.999634,0.000101,0.000365,0.000105
32,0.842000,0.999169,0.000241,0.000809,0.000224
32,0.852000,0.998677,0.000437,0.001267,0.000428
32,0.862000,0.999507,0.000126,0.000495,0.000127
32,0.872000,0.997800,0.000675,0.002200,0.000706
32,0.882000,0.994050,0.002162,0.006071,0.002172
32,0.892000,0.986806,0.003944,0.013106,0.004119
32,0.903000,0.985156,0.005354,0.014936,0.005512
32,0.913000,0.970303,0.007517,0.029283,0.007720
32,0.923000,0.947547,0.010946,0.052494,0.011260
32,0.933000,0.905972,0.018899,0.093075,0.017855
32,0.943000,0.905689,0.018487,0.094359,0.018170
32,0.953000,0.889509,0.019409,0.112397,0.019922
32,0.964000,0.887915,0.020242,0.112451,0.019933
32,0.974000,0.819920,0.025745,0.180903,0.025884
32,0.984000,0.785088,0.028035,0.215470,0.027765
32,0.994000,0.740785,0.031131,0.257245,0.030898
32,1.004000,0.668146,0.032813,0.331613,0.032067
32,1.014000,0.639804,0.033006,0.360254,0.032343
32,1.025000,0.565263,0.032883,0.434117,0.034044
32,1.035000,0.543949,0.035072,0.454876,0.033673
32,1.045000,0.408584,0.033094,0.590712,0.031480
32,1.055000,0.302708,0.029240,0.696320,0.030183
32,1.065000,0.283414,0.028964,0.714573,0.027936
32,1.075000,0.227366,0.027416,0.770256,0.027381
32,1.086000,0.207685,0.026869,0.790543,0.027004
32,1.096000,0.133965,0.021493,0.864360,0.021328
32,1.106000,0.108404,0.020744,0.892545,0.020458
32,1.116000,0.058151,0.012506,0.941774,0.012455
32,1.126000,0.062493,0.015352,0.936734,0.015497
32,1.136000,0.066078,0.015789,0.933789,0.015747
32,1.147000,0.032695,0.008765,0.967612,0.008959
32,1.157000,0.007942,0.003619,0.991722,0.003732
32,1.167000,0.005080,0.001139,0.994881,0.001086
32,1.177000,0.008012,0.003009,0.992205,0.002949
32,1.187000,0.005021,0.004094,0.994775,0.004272
32,1.197000,0.001758,0.000903,0.998212,0.000949
32,1.208000,0.001060,0.000268,0.998956,0.000273
32,1.218000,0.000372,0.000062,0.999630,0.000062
32,1.228000,0.000281,0.000052,0.999720,0.000053
32,1.238000,0.000439,0.000089,0.999558,0.000084
32,1.248000,0.000415,0.000132,0.999591,0.000135
32,1.258000,0.000216,0.000038,0.999788,0.000038
32,1.269000,0.000221,0.000054,0.999773,0.000055
32,1.279000,0.000234,0.000041,0.999770,0.000040
32,1.289000,0.000125,0.000015,0.999875,0.000015
32,1.299000,0.000153,0.000025,0.999845,0.000026
32,1.309000,0.000105,0.000011,0.999895,0.000011
32,1.319000,0.000092,0.000009,0.999908,0.000010
32,1.330000,0.000078,0.000007,0.999922,0.000007
32,1.340000,0.000060,0.000004,0.999939,0.000004
32,1.350000,0.000066,0.000005,0.999934,0.000005
64,0.700000,0.999752,0.000011,0.000249,0.000011
64,0.710000,0.999723,0.000017,0.000277,0.000016
64,0.720000,0.999735,0.000013,0.000265,0.000013
64,0.731000,0.999696,0.000015,0.000304,0.000015
64,0.741000,0.999694,0.000020,0.000306,0.000021
64,0.751000,0.999594,0.000031,0.000409,0.000031
64,0.761000,0.999576,0.000043,0.000423,0.000043
64,0.771000,0.999578,0.000028,0.000423,0.000028
64,0.781000,0.999499,0.000038,0.000503,0.000039
64,0.792000,0.999369,0.000051,0.000635,0.000050
64,0.802000,0.999220,0.000083,0.000779,0.000086
64,0.812000,0.999114,0.000086,0.000885,0.000082
64,0.822000,0.998904,0.000116,0.001090,0.000123
64,0.832000,0.998712,0.000174,0.001287,0.000179
64,0.842000,0.998816,0.000094,0.001176,0.000095
64,0.853000,0.997945,0.000374,0.002069,0.000384
64,0.863000,0.997560,0.000381,0.002454,0.000372
64,0.873000,0.996557,0.000541,0.003486,0.000572
64,0.883000,0.992161,0.001633,0.007790,0.001612
64,0.893000,0.991361,0.001336,0.008652,0.001337
64,0.903000,0.987120,0.002271,0.013003,0.002420
64,0.914000,0.964886,0.007309,0.035489,0.007190
64,0.924000,0.976834,0.003926,0.023275,0.003871
64,0.934000,0.935854,0.008991,0.064368,0.009075
64,0.944000,0.941065,0.009168,0.059070,0.008726
64,0.954000,0.870928,0.015030,0.129484,0.015504
64,0.964000,0.838653,0.015023,0.162638,0.014954
64,0.975000,0.727742,0.024140,0.272411,0.023950
64,0.985000,0.727507,0.023939,0.271856,0.024189
64,0.995000,0.658745,0.026176,0.343253,0.027076
64,1.005000,0.499480,0.030517,0.503346,0.030440
64,1.015000,0.395992,0.026040,0.601584,0.027021
64,1.025000,0.368030,0.026806,0.632714,0.025565
64,1.036000,0.206414,0.018858,0.795074,0.019318
64,1.046000,0.187212,0.021951,0.813260,0.021067
64,1.056000,0.101728,0.012288,0.897626,0.012259
64,1.066000,0.109203,0.017601,0.890367,0.017144
64,1.076000,0.046789,0.005772,0.953287,0.005745
64,1.086000,0.031673,0.004536,0.968260,0.004414
64,1.097000,0.017997,0.003204,0.982083,0.003173
64,1.107000,0.013141,0.001855,0.986896,0.001953
64,1.117000,0.004286,0.000446,0.995710,0.000459
64,1.127000,0.004510,0.000472,0.995477,0.000460
64,1.137000,0.002307,0.000182,0.997690,0.000183
64,1.147000,0.002866,0.000279,0.997147,0.000263
64,1.158000,0.001430,0.000123,0.998571,0.000119
64,1.168000,0.001183,0.000085,0.998819,0.000082
64,1.178000,0.001101,0.000085,0.998898,0.000084
64,1.188000,0.000890,0.000051,0.999111,0.000049
64,1.198000,0.000584,0.000029,0.999416,0.000029
64,1.208000,0.000673,0.000054,0.999330,0.000053
64,1.219000,0.000540,0.000030,0.999462,0.000030
64,1.229000,0.000422,0.000022,0.999577,0.000023
64,1.239000,0.000361,0.000017,0.999640,0.000016
64,1.249000,0.000376,0.000014,0.999625,0.000014
64,1.259000,0.000292,0.000011,0.999708,0.000010
64,1.269000,0.000333,0.000012,0.999668,0.000012
64,1.280000,0.000275,0.000012,0.999725,0.000012
64,1.290000,0.000254,0.000009,0.999746,0.000010
64,1.300000,0.000244,0.000008,0.999756,0.000008
128,0.670000,0.978584,0.008101,0.021456,0.008079
128,0.680000,0.987806,0.004201,0.012411,0.004176
128,0.690000,0.965240,0.010161,0.034431,0.009945
128,0.701000,0.945752,0.012643,0.053977,0.013265
128,0.711000,0.938498,0.014633,0.061426,0.014385
128,0.721000,0.934590,0.015490,0.066147,0.015236
128,0.731000,0.928099,0.016423,0.071855,0.016568
128,0.741000,0.965287,0.010683,0.034806,0.010108
128,0.751000,0.959059,0.012702,0.041204,0.012737
128,0.762000,0.946367,0.012209,0.052921,0.011479
128,0.772000,0.951158,0.013783,0.048029,0.014160
128,0.782000,0.934131,0.015279,0.065629,0.016538
128,0.792000,0.956260,0.011771,0.043111,0.011383
128,0.802000,0.937699,0.015727,0.063332,0.015436
128,0.812000,0.943494,0.013532,0.056747,0.013084
128,0.823000,0.910638,0.018185,0.089241,0.017577
128,0.833000,0.921767,0.017308,0.077044,0.017098
128,0.843000,0.910389,0.018117,0.087734,0.017633
128,0.853000,0.879744,0.022371,0.120175,0.022337
128,0.863000,0.900039,0.019436,0.098893,0.019711
128,0.873000,0.879069,0.023183,0.120182,0.021820
128,0.884000,0.873611,0.022750,0.126421,0.022160
128,0.894000,0.841582,0.024693,0.157443,0.024749
128,0.904000,0.819634,0.026581,0.181422,0.025912
128,0.914000,0.824001,0.025173,0.175780,0.024789
128,0.924000,0.808472,0.025841,0.193081,0.025350
128,0.934000,0.749693,0.028308,0.249736,0.028434
128,0.945000,0.738443,0.026927,0.262332,0.027676
128,0.955000,0.719200,0.027006,0.280755,0.026273
128,0.965000,0.588480,0.030959,0.412757,0.031434
128,0.975000,0.490730,0.028029,0.510320,0.028619
128,0.985000,0.343580,0.025993,0.656068,0.024886
128,0.995000,0.203735,0.020198,0.794429,0.020658
128,1.006000,0.114151,0.014120,0.885674,0.014475
128,1.016000,0.063435,0.009647,0.937022,0.009262
128,1.026000,0.018251,0.002059,0.981591,0.001927
128,1.036000,0.010729,0.001189,0.989266,0.001296
128,1.046000,0.005825,0.000661,0.994168,0.000661
128,1.056000,0.003767,0.000305,0.996259,0.000287
128,1.067000,0.003039,0.000243,0.996961,0.000242
128,1.077000,0.002139,0.000140,0.997849,0.000141
128,1.087000,0.001456,0.000056,0.998543,0.000058
128,1.097000,0.001209,0.000041,0.998792,0.000041
128,1.107000,0.001086,0.000034,0.998912,0.000034
128,1.117000,0.000904,0.000025,0.999095,0.000025
128,1.128000,0.000741,0.000019,0.999258,0.000019
128,1.138000,0.000685,0.000021,0.999316,0.000021
128,1.148000,0.000608,0.000012,0.999392,0.000013
128,1.158000,0.000537,0.000010,0.999463,0.000010
128,1.168000,0.000483,0.000009,0.999516,0.000009
128,1.178000,0.000471,0.000009,0.999528,0.000009
128,1.189000,0.000418,0.000006,0.999583,0.000006
128,1.199000,0.000403,0.000007,0.999597,0.000007
128,1.209000,0.000378,0.000006,0.999622,0.000005
128,1.219000,0.000354,0.000005,0.999646,0.000006
128,1.229000,0.000345,0.000004,0.999655,0.000005
128,1.239000,0.000330,0.000005,0.999670,0.000004
128,1.250000,0.000320,0.000004,0.999680,0.000004
128,1.260000,0.000315,0.000005,0.999685,0.000005
128,1.270000,0.000302,0.000004,0.999697,0.000004
256,0.650000,0.948812,0.004913,0.050992,0.004887
256,0.660000,0.940236,0.004970,0.059576,0.005305
256,0.670000,0.939105,0.005246,0.060917,0.005435
256,0.681000,0.932085,0.006183,0.067787,0.006567
256,0.691000,0.930994,0.006274,0.068911,0.006405
256,0.701000,0.929931,0.006468,0.070352,0.006747
256,0.711000,0.917410,0.007253,0.081912,0.007531
256,0.721000,0.908972,0.007730,0.090937,0.007665
256,0.731000,0.904627,0.008610,0.095158,0.008159
256,0.742000,0.901815,0.008834,0.098380,0.008834
256,0.752000,0.893907,0.009200,0.105761,0.008885
256,0.762000,0.885659,0.010300,0.114188,0.010081
256,0.772000,0.863580,0.011564,0.136640,0.011506
256,0.782000,0.882769,0.009709,0.116903,0.009964
256,0.792000,0.867455,0.011297,0.132689,0.011358
256,0.803000,0.858212,0.011747,0.141445,0.011898
256,0.813000,0.880227,0.010631,0.119286,0.010503
256,0.823000,0.832159,0.011950,0.167481,0.012093
256,0.833000,0.851316,0.013145,0.148693,0.013576
256,0.843000,0.818513,0.013100,0.181296,0.012849
256,0.853000,0.792067,0.014966,0.208415,0.015265
256,0.864000,0.783077,0.017634,0.217480,0.016145
256,0.874000,0.721256,0.018309,0.280568,0.017051
256,0.884000,0.740944,0.017569,0.258555,0.017716
256,0.894000,0.727863,0.015954,0.271281,0.016906
256,0.904000,0.694103,0.018713,0.305177,0.018895
256,0.914000,0.690880,0.019265,0.310330,0.019501
256,0.925000,0.666006,0.021161,0.335770,0.020876
256,0.935000,0.656102,0.021049,0.343003,0.021319
256,0.945000,0.600013,0.021705,0.399986,0.020970
256,0.955000,0.535502,0.023574,0.464345,0.022727
256,0.965000,0.544843,0.022749,0.456162,0.022478
256,0.975000,0.471566,0.020819,0.528294,0.020792
256,0.986000,0.398404,0.018764,0.602534,0.017774
256,0.996000,0.377053,0.016791,0.623856,0.016874
256,1.006000,0.321342,0.013458,0.678738,0.013826
256,1.016000,0.268612,0.012387,0.731394,0.012777
256,1.026000,0.208848,0.010213,0.791867,0.010648
256,1.036000,0.165943,0.006618,0.833738,0.006841
256,1.047000,0.125052,0.006181,0.875500,0.006277
256,1.057000,0.098958,0.004853,0.900914,0.004710
256,1.067000,0.085352,0.003706,0.914759,0.003625
256,1.077000,0.065212,0.003318,0.935018,0.003181
256,1.087000,0.051401,0.002391,0.948756,0.002259
256,1.097000,0.040642,0.001946,0.959262,0.001907
256,1.108000,0.034930,0.001582,0.965003,0.001570
256,1.118000,0.026019,0.001045,0.974038,0.000997
256,1.128000,0.023596,0.000976,0.976470,0.000938
256,1.138000,0.019353,0.000783,0.980648,0.000796
256,1.148000,0.016104,0.000663,0.983861,0.000657
256,1.158000,0.013549,0.000541,0.986463,0.000538
256,1.169000,0.012488,0.000540,0.987525,0.000528
256,1.179000,0.010892,0.000414,0.989140,0.000408
256,1.189000,0.010001,0.000408,0.989985,0.000412
256,1.199000,0.008039,0.000241,0.991953,0.000252
256,1.209000,0.007430,0.000292,0.992582,0.000280
256,1.219000,0.007048,0.000220,0.992952,0.000226
256,1.230000,0.006298,0.000215,0.993703,0.000217
256,1.240000,0.005617,0.000171,0.994373,0.000174
256,1.250000,0.005255,0.000207,0.994740,0.000203
